{
    "DET": 0.2154510955,
    "NOUN": 0.1716157447,
    "PRON": 0.1414919254,
    "ADP": 0.1236530844,
    ".": 0.0870613002,
    "ADV": 0.0855516468,
    "CONJ": 0.0501094153,
    "VERB": 0.040442093,
    "ADJ": 0.0371319354,
    "PRT": 0.0296529182,
    "NUM": 0.0160383369,
    "X": 0.0018005041
}
