{
    "DET": {
        "DET": 0.005844745626761976,
        "NOUN": 0.6282128407469006,
        ".": 0.013871686896210057,
        "CONJ": 0.0007018413012963422,
        "ADV": 0.017091899925687392,
        "PRT": 0.0016985739056583743,
        "VERB": 0.06658055840617148,
        "NUM": 0.012420821685126862,
        "X": 0.003532797810726966,
        "PRON": 0.008699293440437855,
        "ADJ": 0.2324097337721316,
        "ADP": 0.008935206482890406
    },
    "NOUN": {
        "DET": 0.015189701152313132,
        "NOUN": 0.18137351119206702,
        ".": 0.2723991824151206,
        "CONJ": 0.05553767197678101,
        "ADV": 0.024663636054341652,
        "PRT": 0.028181030669901415,
        "VERB": 0.1565319117196762,
        "NUM": 0.008238659412040272,
        "X": 0.002494104961777122,
        "PRON": 0.01610045511527057,
        "ADJ": 0.01293637022672016,
        "ADP": 0.22635376510399083
    },
    ".": {
        "DET": 0.1167084037039194,
        "NOUN": 0.14457099594831818,
        ".": 0.1541386224281804,
        "CONJ": 0.10180786542093397,
        "ADV": 0.06486018785826601,
        "PRT": 0.024285131908450296,
        "VERB": 0.1288468098205446,
        "NUM": 0.04363669642337163,
        "X": 0.003519222609549323,
        "PRON": 0.072847076050151,
        "ADJ": 0.04560845944574324,
        "ADP": 0.09917052838257194
    },
    "CONJ": {
        "DET": 0.14480851063829786,
        "NOUN": 0.26478723404255317,
        ".": 0.023872340425531914,
        "CONJ": 0.00023404255319148937,
        "ADV": 0.08457446808510638,
        "PRT": 0.02170212765957447,
        "VERB": 0.18714893617021278,
        "NUM": 0.02451063829787234,
        "X": 0.0008723404255319149,
        "PRON": 0.06487234042553192,
        "ADJ": 0.11374468085106383,
        "ADP": 0.06887234042553192
    },
    "ADV": {
        "DET": 0.07228089625393862,
        "NOUN": 0.03333236083557008,
        ".": 0.16833936281946552,
        "CONJ": 0.01550647683510328,
        "ADV": 0.09216361302369004,
        "PRT": 0.027584899054732173,
        "VERB": 0.2563893103045863,
        "NUM": 0.015112615240984945,
        "X": 0.0011524098494573463,
        "PRON": 0.04437507293733224,
        "ADJ": 0.1362177616991481,
        "ADP": 0.13754522114599135
    },
    "PRT": {
        "DET": 0.08563735154108766,
        "NOUN": 0.0943645718132423,
        ".": 0.06950521709862,
        "CONJ": 0.009208058854642497,
        "ADV": 0.028994566524017888,
        "PRT": 0.008270423618791172,
        "VERB": 0.5672212338318027,
        "NUM": 0.02149348463720729,
        "X": 0.0011059287397220752,
        "PRON": 0.009039765350771747,
        "ADJ": 0.03680819348944559,
        "ADP": 0.06835120450064913
    },
    "VERB": {
        "DET": 0.15863868513059573,
        "NOUN": 0.10427092616713513,
        ".": 0.07664358675533009,
        "CONJ": 0.012699664084458764,
        "ADV": 0.0997977651333379,
        "PRT": 0.06340405840817166,
        "VERB": 0.1822084732981422,
        "NUM": 0.01291389593473641,
        "X": 0.012802495372592034,
        "PRON": 0.0536050935764722,
        "ADJ": 0.06024199629807363,
        "ADP": 0.16277335984095428
    },
    "NUM": {
        "DET": 0.01886924558025556,
        "NOUN": 0.37006826535970594,
        ".": 0.22541571853667075,
        "CONJ": 0.027761246280413092,
        "ADV": 0.012777875021879923,
        "PRT": 0.02065464729564152,
        "VERB": 0.03381760896201645,
        "NUM": 0.10631892175739541,
        "X": 0.026220899702433048,
        "PRON": 0.004936110624890601,
        "ADJ": 0.049186066865044634,
        "ADP": 0.10397339401365308
    },
    "X": {
        "DET": 0.04577595831782657,
        "NOUN": 0.06326758466691478,
        ".": 0.18459248232229253,
        "CONJ": 0.01252946284580077,
        "ADV": 0.02232973576479345,
        "PRT": 0.15283463590125296,
        "VERB": 0.176901128892197,
        "NUM": 0.002357027664061531,
        "X": 0.14985733779928048,
        "PRON": 0.04676839101848406,
        "ADJ": 0.014390274159533556,
        "ADP": 0.12839598064756233
    },
    "PRON": {
        "DET": 0.016521447721179625,
        "NOUN": 0.045224530831099195,
        ".": 0.09294571045576408,
        "CONJ": 0.01022117962466488,
        "ADV": 0.05172587131367292,
        "PRT": 0.0214142091152815,
        "VERB": 0.6753686327077748,
        "NUM": 0.002027479892761394,
        "X": 0.004289544235924933,
        "PRON": 0.008378016085790885,
        "ADJ": 0.021380697050938337,
        "ADP": 0.050502680965147456
    },
    "ADJ": {
        "DET": 0.005982905982905983,
        "NOUN": 0.6633500557413601,
        ".": 0.09286510590858417,
        "CONJ": 0.03298959494611668,
        "ADV": 0.008872166480862134,
        "PRT": 0.02012263099219621,
        "VERB": 0.015914158305462653,
        "NUM": 0.009355258268301747,
        "X": 0.0016536603493125233,
        "PRON": 0.003530286138981791,
        "ADJ": 0.0599405425492382,
        "ADP": 0.08542363433667781
    },
    "ADP": {
        "DET": 0.42925112643476543,
        "NOUN": 0.2704868610017869,
        ".": 0.016005788394707128,
        "CONJ": 0.0018143547803589244,
        "ADV": 0.015901641141453895,
        "PRT": 0.011894712608395365,
        "VERB": 0.03884692546345528,
        "NUM": 0.03681331330782639,
        "X": 0.0022693138340440927,
        "PRON": 0.06966903099202999,
        "ADJ": 0.08571318942740937,
        "ADP": 0.021333742613767172
    }
}